{
    "name": "root",
    "gauges": {
        "Bowling.Policy.Entropy.mean": {
            "value": 1.3984973430633545,
            "min": 1.3984973430633545,
            "max": 1.4258956909179688,
            "count": 56
        },
        "Bowling.Environment.EpisodeLength.mean": {
            "value": 47.51821862348178,
            "min": 47.51821862348178,
            "max": 1150.5625,
            "count": 56
        },
        "Bowling.Policy.ExtrinsicValueEstimate.mean": {
            "value": 12.59264087677002,
            "min": -1.0424373149871826,
            "max": 12.640195846557617,
            "count": 56
        },
        "Bowling.Environment.CumulativeReward.mean": {
            "value": 19.728744939271255,
            "min": -5.0,
            "max": 20.209756097560977,
            "count": 56
        },
        "Bowling.Policy.ExtrinsicReward.mean": {
            "value": 19.728744939271255,
            "min": -5.0,
            "max": 20.209756097560977,
            "count": 56
        },
        "Bowling.IsTraining.mean": {
            "value": 1.0,
            "min": 1.0,
            "max": 1.0,
            "count": 56
        },
        "Bowling.Losses.PolicyLoss.mean": {
            "value": 0.09896315301651185,
            "min": 0.09084395262931357,
            "max": 0.10449636284875022,
            "count": 55
        },
        "Bowling.Losses.ValueLoss.mean": {
            "value": 2.019705882179758,
            "min": 0.14550894711523166,
            "max": 25.054183724924183,
            "count": 55
        },
        "Bowling.Policy.LearningRate.mean": {
            "value": 0.00016691384436206665,
            "min": 0.00016691384436206665,
            "max": 0.00029756780081073326,
            "count": 55
        },
        "Bowling.Policy.Epsilon.mean": {
            "value": 0.15563793333333334,
            "min": 0.15563793333333334,
            "max": 0.19918926666666664,
            "count": 55
        },
        "Bowling.Policy.Beta.mean": {
            "value": 0.005568229539999999,
            "min": 0.005568229539999999,
            "max": 0.00991900774,
            "count": 55
        }
    },
    "metadata": {
        "timer_format_version": "0.1.0",
        "start_time_seconds": "1674654807",
        "python_version": "3.7.9 (v3.7.9:13c94747c7, Aug 15 2020, 01:31:08) \n[Clang 6.0 (clang-600.0.57)]",
        "command_line_arguments": "/Users/rosariarossi/Unity/My project/venv/bin/mlagents-learn config/bowlingNew.yaml --run-id=Training5",
        "mlagents_version": "0.22.0",
        "mlagents_envs_version": "0.22.0",
        "communication_protocol_version": "1.2.0",
        "pytorch_version": "1.7.1",
        "numpy_version": "1.18.5",
        "end_time_seconds": "1674655161"
    },
    "total": 353.916513959,
    "count": 1,
    "self": 0.003397833000008177,
    "children": {
        "run_training.setup": {
            "total": 0.00949429200000007,
            "count": 1,
            "self": 0.00949429200000007
        },
        "TrainerController.start_learning": {
            "total": 353.903621834,
            "count": 1,
            "self": 0.5103478590013424,
            "children": {
                "TrainerController._reset_env": {
                    "total": 6.706553666,
                    "count": 1,
                    "self": 6.706553666
                },
                "TrainerController.advance": {
                    "total": 346.65857647499865,
                    "count": 39841,
                    "self": 0.2659773319968508,
                    "children": {
                        "env_step": {
                            "total": 346.3925991430018,
                            "count": 39841,
                            "self": 295.6633238050055,
                            "children": {
                                "SubprocessEnvManager._take_step": {
                                    "total": 50.43121256199722,
                                    "count": 39841,
                                    "self": 1.1938558509968331,
                                    "children": {
                                        "TorchPolicy.evaluate": {
                                            "total": 49.23735671100039,
                                            "count": 33851,
                                            "self": 2.7668835419975935,
                                            "children": {
                                                "TorchPolicy.sample_actions": {
                                                    "total": 46.470473169002794,
                                                    "count": 33851,
                                                    "self": 46.470473169002794
                                                }
                                            }
                                        }
                                    }
                                },
                                "workers": {
                                    "total": 0.29806277599906306,
                                    "count": 39840,
                                    "self": 0.0,
                                    "children": {
                                        "worker_root": {
                                            "total": 353.25021212600325,
                                            "count": 39840,
                                            "is_parallel": true,
                                            "self": 156.55604985800198,
                                            "children": {
                                                "run_training.setup": {
                                                    "total": 0.0,
                                                    "count": 0,
                                                    "is_parallel": true,
                                                    "self": 0.0,
                                                    "children": {
                                                        "steps_from_proto": {
                                                            "total": 0.002995792000000108,
                                                            "count": 1,
                                                            "is_parallel": true,
                                                            "self": 0.00060258399999924,
                                                            "children": {
                                                                "_process_vector_observation": {
                                                                    "total": 0.002393208000000868,
                                                                    "count": 2,
                                                                    "is_parallel": true,
                                                                    "self": 0.002393208000000868
                                                                }
                                                            }
                                                        },
                                                        "UnityEnvironment.step": {
                                                            "total": 0.04198258299999935,
                                                            "count": 1,
                                                            "is_parallel": true,
                                                            "self": 0.00014274999999930316,
                                                            "children": {
                                                                "UnityEnvironment._generate_step_input": {
                                                                    "total": 0.00025487499999954366,
                                                                    "count": 1,