{
    "name": "root",
    "gauges": {
        "Bowling.Policy.Entropy.mean": {
            "value": 1.4023374319076538,
            "min": 1.398591160774231,
            "max": 1.4200910329818726,
            "count": 69
        },
        "Bowling.Environment.EpisodeLength.mean": {
            "value": 52.74887892376682,
            "min": 52.74887892376682,
            "max": 514.9166666666666,
            "count": 69
        },
        "Bowling.Policy.ExtrinsicValueEstimate.mean": {
            "value": 9.828917503356934,
            "min": -0.37188059091567993,
            "max": 9.936737060546875,
            "count": 69
        },
        "Bowling.Environment.CumulativeReward.mean": {
            "value": 13.668161434977579,
            "min": -4.889830508474576,
            "max": 13.688073394495413,
            "count": 69
        },
        "Bowling.Policy.ExtrinsicReward.mean": {
            "value": 13.668161434977579,
            "min": -4.889830508474576,
            "max": 13.688073394495413,
            "count": 69
        },
        "Bowling.IsTraining.mean": {
            "value": 1.0,
            "min": 1.0,
            "max": 1.0,
            "count": 69
        },
        "Bowling.Losses.PolicyLoss.mean": {
            "value": 0.09728666835750076,
            "min": 0.09430241468091445,
            "max": 0.10851600191174884,
            "count": 68
        },
        "Bowling.Losses.ValueLoss.mean": {
            "value": 0.9221612920523115,
            "min": 0.49824945954936195,
            "max": 5.311298716302011,
            "count": 68
        },
        "Bowling.Policy.LearningRate.mean": {
            "value": 0.0002765683220962762,
            "min": 0.0002765683220962762,
            "max": 0.00029965451440087617,
            "count": 68
        },
        "Bowling.Policy.Epsilon.mean": {
            "value": 0.19218943809523809,
            "min": 0.19218943809523809,
            "max": 0.19988483809523808,
            "count": 68
        },
        "Bowling.Policy.Beta.mean": {
            "value": 0.009219724865714285,
            "min": 0.009219724865714285,
            "max": 0.009988495325714287,
            "count": 68
        }
    },
    "metadata": {
        "timer_format_version": "0.1.0",
        "start_time_seconds": "1675957113",
        "python_version": "3.7.9 (v3.7.9:13c94747c7, Aug 15 2020, 01:31:08) \n[Clang 6.0 (clang-600.0.57)]",
        "command_line_arguments": "/Users/rosariarossi/Unity/My project/venv/bin/mlagents-learn config/bowlingNew.yaml --run-id=Training20",
        "mlagents_version": "0.22.0",
        "mlagents_envs_version": "0.22.0",
        "communication_protocol_version": "1.2.0",
        "pytorch_version": "1.7.1",
        "numpy_version": "1.18.5",
        "end_time_seconds": "1675957717"
    },
    "total": 604.1511990829999,
    "count": 1,
    "self": 0.005306250999979056,
    "children": {
        "run_training.setup": {
            "total": 0.010200791000000153,
            "count": 1,
            "self": 0.010200791000000153
        },
        "TrainerController.start_learning": {
            "total": 604.135692041,
            "count": 1,
            "self": 0.587009034004268,
            "children": {
                "TrainerController._reset_env": {
                    "total": 13.250195833,
                    "count": 1,
                    "self": 13.250195833
                },
                "TrainerController.advance": {
                    "total": 590.2712753409958,
                    "count": 42802,
                    "self": 0.3019946919919221,
                    "children": {
                        "env_step": {
                            "total": 589.9692806490038,
                            "count": 42802,
                            "self": 532.5927951150102,
                            "children": {
                                "SubprocessEnvManager._take_step": {
                                    "total": 57.03448682099496,
                                    "count": 42802,
                                    "self": 1.410003243995888,
                                    "children": {
                                        "TorchPolicy.evaluate": {
                                            "total": 55.62448357699907,
                                            "count": 34657,
                                            "self": 3.527087597999035,
                                            "children": {
                                                "TorchPolicy.sample_actions": {
                                                    "total": 52.097395979000034,
                                                    "count": 34657,
                                                    "self": 52.097395979000034
                                                }
                                            }
                                        }
                                    }
                                },
                                "workers": {
                                    "total": 0.3419987129986968,
                                    "count": 42801,
                                    "self": 0.0,
                                    "children": {
                                        "worker_root": {
                                            "total": 603.3569544180037,
                                            "count": 42801,
                                            "is_parallel": true,
                                            "self": 192.02276398999658,
                                            "children": {
                                                "run_training.setup": {
                                                    "total": 0.0,
                                                    "count": 0,
                                                    "is_parallel": true,
                                                    "self": 0.0,
                                                    "children": {
                                                        "steps_from_proto": {
                                                            "total": 0.004103250000000003,
                                                            "count": 1,
                                                            "is_parallel": true,
                                                            "self": 0.00039633299999941585,
                                                            "children": {
                                                                "_process_vector_observation": {
                                                                    "total": 0.003706917000000587,
                                                                    "count": 2,
                                                                    "is_parallel": true,
                                                                    "self": 0.003706917000000587
                                                                }
                                                            }
                                                        },
                                                        "UnityEnvironment.step": {
                                                            "total": 0.04371400000000136,
                                                            "count": 1,
                                                            "is_parallel": true,
                                                            "self": 0.00020433400000285928,
                                                            "children": {
                                                                "UnityEnvironment._generate_step_input": {
                                                                    "total": 0.0008670829999992691,
                                                                    "count": 1,