{"cameraMode":{"drawMode":0,"name":"Shaded","section":"Shading Mode"},"sceneLighting":false,"audioPlay":false,"sceneViewState":{"showFog":true,"showMaterialUpdate":false,"showSkybox":false,"showFlares":true,"showImageEffects":true,"showParticleSystems":true,"showVisualEffectGraphs":true,"m_FxEnabled":true},"in2DMode":false,"pivot":{"x":0.12999987602233888,"y":0.8299999237060547,"z":4.356340408325195},"rotation":{"x":0.0674486756324768,"y":0.0014965836890041829,"z":-0.00010117311467183754,"w":0.9977216124534607},"size":22.907222747802736,"orthographic":false}