{
    "name": "root",
    "gauges": {
        "Bowling.Policy.Entropy.mean": {
            "value": 1.5538924932479858,
            "min": 1.3619650602340698,
            "max": 1.5541859865188599,
            "count": 662
        },
        "Bowling.Environment.EpisodeLength.mean": {
            "value": 45.5875486381323,
            "min": 45.19615384615385,
            "max": 1463.5833333333333,
            "count": 662
        },
        "Bowling.Policy.ExtrinsicValueEstimate.mean": {
            "value": 10.529253005981445,
            "min": -0.368842750787735,
            "max": 10.549994468688965,
            "count": 662
        },
        "Bowling.Environment.CumulativeReward.mean": {
            "value": 13.82490272373541,
            "min": -4.95575221238938,
            "max": 14.0,
            "count": 662
        },
        "Bowling.Policy.ExtrinsicReward.mean": {
            "value": 13.82490272373541,
            "min": -4.95575221238938,
            "max": 14.0,
            "count": 662
        },
        "Bowling.IsTraining.mean": {
            "value": 1.0,
            "min": 1.0,
            "max": 1.0,
            "count": 662
        },
        "Bowling.Losses.PolicyLoss.mean": {
            "value": 0.08388322374741349,
            "min": 0.07060701907970864,
            "max": 0.10930093908068224,
            "count": 659
        },
        "Bowling.Losses.ValueLoss.mean": {
            "value": 0.31271438971772814,
            "min": 0.014684410563648517,
            "max": 9.797379370065446,
            "count": 659
        },
        "Bowling.Policy.LearningRate.mean": {
            "value": 7.332778984314282e-05,
            "min": 7.332778984314282e-05,
            "max": 0.00029965534297202856,
            "count": 659
        },
        "Bowling.Policy.Epsilon.mean": {
            "value": 0.12444257142857143,
            "min": 0.12444257142857143,
            "max": 0.1998851142857143,
            "count": 659
        },
        "Bowling.Policy.Beta.mean": {
            "value": 0.002451812885714285,
            "min": 0.002451812885714285,
            "max": 0.00998852291714286,
            "count": 659
        }
    },
    "metadata": {
        "timer_format_version": "0.1.0",
        "start_time_seconds": "1674922004",
        "python_version": "3.7.9 (v3.7.9:13c94747c7, Aug 15 2020, 01:31:08) \n[Clang 6.0 (clang-600.0.57)]",
        "command_line_arguments": "/Users/rosariarossi/Unity/My project/venv/bin/mlagents-learn config/bowlingNew.yaml --run-id=Training14",
        "mlagents_version": "0.22.0",
        "mlagents_envs_version": "0.22.0",
        "communication_protocol_version": "1.2.0",
        "pytorch_version": "1.7.1",
        "numpy_version": "1.18.5",
        "end_time_seconds": "1674926932"
    },
    "total": 4928.0170047910005,
    "count": 1,
    "self": 0.0057949570000346284,
    "children": {
        "run_training.setup": {
            "total": 0.009856541999999968,
            "count": 1,
            "self": 0.009856541999999968
        },
        "TrainerController.start_learning": {
            "total": 4928.001353292,
            "count": 1,
            "self": 6.854889018290123,
            "children": {
                "TrainerController._reset_env": {
                    "total": 7.453037667,
                    "count": 1,
                    "self": 7.453037667
                },
                "TrainerController.advance": {
                    "total": 4913.65743723171,
                    "count": 508527,
                    "self": 3.615460860894018,
                    "children": {
                        "env_step": {
                            "total": 4910.041976370816,
                            "count": 508527,
                            "self": 4346.990238776093,
                            "children": {
                                "SubprocessEnvManager._take_step": {
                                    "total": 558.8733622908568,
                                    "count": 508527,
                                    "self": 15.114401153885751,
                                    "children": {
                                        "TorchPolicy.evaluate": {
                                            "total": 543.758961136971,
                                            "count": 397657,
                                            "self": 37.71645336784968,
                                            "children": {
                                                "TorchPolicy.sample_actions": {
                                                    "total": 506.04250776912136,
                                                    "count": 397657,
                                                    "self": 506.04250776912136
                                                }
                                            }
                                        }
                                    }
                                },
                                "workers": {
                                    "total": 4.178375303865931,
                                    "count": 508526,
                                    "self": 0.0,
                                    "children": {
                                        "worker_root": {
                                            "total": 4919.278851796087,
                                            "count": 508526,
                                            "is_parallel": true,
                                            "self": 2076.4444172229764,
                                            "children": {
                                                "run_training.setup": {
                                                    "total": 0.0,
                                                    "count": 0,
                                                    "is_parallel": true,
                                                    "self": 0.0,
                                                    "children": {
                                                        "steps_from_proto": {
                                                            "total": 0.0016267079999998657,
                                                            "count": 1,
                                                            "is_parallel": true,
                                                            "self": 0.0003769580000003714,
                                                            "children": {
                                                                "_process_vector_observation": {
                                                                    "total": 0.0012497499999994943,
                                                                    "count": 2,
                                                                    "is_parallel": true,
                                                                    "self": 0.0012497499999994943
                                                                }
                                                            }
                                                        },
                                                        "UnityEnvironment.step": {
                                                            "total": 0.0412643329999991,
                                                            "count": 1,
                                                            "is_parallel": true,
                                                            "self": 0.00018054100000064466,
                                                            "children": {
                                                                "UnityEnvironment._generate_step_input": {
                                                                    "total": 0.0005412499999994935,
                                                                    "count": 1,