{
    "name": "root",
    "gauges": {
        "Bowling.Policy.Entropy.mean": {
            "value": 1.409261703491211,
            "min": 1.4057114124298096,
            "max": 1.4190784692764282,
            "count": 33
        },
        "Bowling.Environment.EpisodeLength.mean": {
            "value": 254.74468085106383,
            "min": 82.55172413793103,
            "max": 327.5581395348837,
            "count": 33
        },
        "Bowling.Policy.ExtrinsicValueEstimate.mean": {
            "value": 0.3512115776538849,
            "min": -0.6850735545158386,
            "max": 0.42561498284339905,
            "count": 33
        },
        "Bowling.Environment.CumulativeReward.mean": {
            "value": 1.7659574468085106,
            "min": -4.958333333333333,
            "max": 2.658536585365854,
            "count": 33
        },
        "Bowling.Policy.ExtrinsicReward.mean": {
            "value": 1.7659574468085106,
            "min": -4.958333333333333,
            "max": 2.658536585365854,
            "count": 33
        },
        "Bowling.IsTraining.mean": {
            "value": 1.0,
            "min": 1.0,
            "max": 1.0,
            "count": 33
        },
        "Bowling.Losses.PolicyLoss.mean": {
            "value": 0.1009459645578376,
            "min": 0.08962793433553179,
            "max": 0.10656995821449501,
            "count": 32
        },
        "Bowling.Losses.ValueLoss.mean": {
            "value": 1.7397457477030696,
            "min": 0.6499849631853983,
            "max": 6.257050083638078,
            "count": 32
        },
        "Bowling.Policy.LearningRate.mean": {
            "value": 0.0002888715179952095,
            "min": 0.0002888715179952095,
            "max": 0.000299653857258238,
            "count": 32
        },
        "Bowling.Policy.Epsilon.mean": {
            "value": 0.19629050476190477,
            "min": 0.19629050476190477,
            "max": 0.1998846190476191,
            "count": 32
        },
        "Bowling.Policy.Beta.mean": {
            "value": 0.009629421425714284,
            "min": 0.009629421425714284,
            "max": 0.009988473442857143,
            "count": 32
        }
    },
    "metadata": {
        "timer_format_version": "0.1.0",
        "start_time_seconds": "1674921736",
        "python_version": "3.7.9 (v3.7.9:13c94747c7, Aug 15 2020, 01:31:08) \n[Clang 6.0 (clang-600.0.57)]",
        "command_line_arguments": "/Users/rosariarossi/Unity/My project/venv/bin/mlagents-learn config/bowlingNew.yaml --run-id=Training13",
        "mlagents_version": "0.22.0",
        "mlagents_envs_version": "0.22.0",
        "communication_protocol_version": "1.2.0",
        "pytorch_version": "1.7.1",
        "numpy_version": "1.18.5",
        "end_time_seconds": "1674921953"
    },
    "total": 217.269753667,
    "count": 1,
    "self": 0.0031634590000066964,
    "children": {
        "run_training.setup": {
            "total": 0.027360625000000027,
            "count": 1,
            "self": 0.027360625000000027
        },
        "TrainerController.start_learning": {
            "total": 217.239229583,
            "count": 1,
            "self": 1.3248554010014573,
            "children": {
                "TrainerController._reset_env": {
                    "total": 7.331498708,
                    "count": 1,
                    "self": 7.331498708
                },
                "TrainerController.advance": {
                    "total": 208.50715888999852,
                    "count": 21789,
                    "self": 0.16873457299848837,
                    "children": {
                        "env_step": {
                            "total": 208.33842431700003,
                            "count": 21789,
                            "self": 169.75952855200092,
                            "children": {
                                "SubprocessEnvManager._take_step": {
                                    "total": 38.393376127000884,
                                    "count": 21789,
                                    "self": 0.817955642000733,
                                    "children": {
                                        "TorchPolicy.evaluate": {
                                            "total": 37.57542048500015,
                                            "count": 20424,
                                            "self": 2.1503680899991195,
                                            "children": {
                                                "TorchPolicy.sample_actions": {
                                                    "total": 35.42505239500103,
                                                    "count": 20424,
                                                    "self": 35.42505239500103
                                                }
                                            }
                                        }
                                    }
                                },
                                "workers": {
                                    "total": 0.18551963799824733,
                                    "count": 21788,
                                    "self": 0.0,
                                    "children": {
                                        "worker_root": {
                                            "total": 215.77073657300357,
                                            "count": 21788,
                                            "is_parallel": true,
                                            "self": 92.32151938100431,
                                            "children": {
                                                "run_training.setup": {
                                                    "total": 0.0,
                                                    "count": 0,
                                                    "is_parallel": true,
                                                    "self": 0.0,
                                                    "children": {
                                                        "steps_from_proto": {
                                                            "total": 0.001719082999999344,
                                                            "count": 1,
                                                            "is_parallel": true,
                                                            "self": 0.00036495700000038767,
                                                            "children": {
                                                                "_process_vector_observation": {
                                                                    "total": 0.0013541259999989563,
                                                                    "count": 2,
                                                                    "is_parallel": true,
                                                                    "self": 0.0013541259999989563
                                                                }
                                                            }
                                                        },
                                                        "UnityEnvironment.step": {
                                                            "total": 0.04098812500000015,
                                                            "count": 1,
                                                            "is_parallel": true,
                                                            "self": 0.00017550000000277066,
                                                            "children": {
                                                                "UnityEnvironment._generate_step_input": {
                                                                    "total": 0.00041112499999940155,
                                                                    "count": 1,