{
    "name": "root",
    "gauges": {
        "Bowling.Policy.Entropy.mean": {
            "value": 1.4183505773544312,
            "min": 1.4097838401794434,
            "max": 1.4264676570892334,
            "count": 52
        },
        "Bowling.Environment.EpisodeLength.mean": {
            "value": 49.03347280334728,
            "min": 49.03347280334728,
            "max": 1412.8333333333333,
            "count": 52
        },
        "Bowling.Policy.ExtrinsicValueEstimate.mean": {
            "value": 10.319459915161133,
            "min": -0.7709941864013672,
            "max": 10.330549240112305,
            "count": 52
        },
        "Bowling.Environment.CumulativeReward.mean": {
            "value": 13.96652719665272,
            "min": -4.970370370370371,
            "max": 14.0,
            "count": 52
        },
        "Bowling.Policy.ExtrinsicReward.mean": {
            "value": 13.96652719665272,
            "min": -4.970370370370371,
            "max": 14.0,
            "count": 52
        },
        "Bowling.IsTraining.mean": {
            "value": 1.0,
            "min": 1.0,
            "max": 1.0,
            "count": 52
        },
        "Bowling.Losses.PolicyLoss.mean": {
            "value": 0.09991619316644303,
            "min": 0.09058568406034155,
            "max": 0.1044516302614245,
            "count": 51
        },
        "Bowling.Losses.ValueLoss.mean": {
            "value": 0.09646166638794837,
            "min": 0.03999942738011665,
            "max": 9.409647509561363,
            "count": 51
        },
        "Bowling.Policy.LearningRate.mean": {
            "value": 0.00024693936054402855,
            "min": 0.00024693936054402855,
            "max": 0.00029895000035,
            "count": 51
        },
        "Bowling.Policy.Epsilon.mean": {
            "value": 0.18231311428571428,
            "min": 0.18231311428571428,
            "max": 0.19965000000000005,
            "count": 51
        },
        "Bowling.Policy.Beta.mean": {
            "value": 0.008233080117142856,
            "min": 0.008233080117142856,
            "max": 0.009965034999999999,
            "count": 51
        }
    },
    "metadata": {
        "timer_format_version": "0.1.0",
        "start_time_seconds": "1674915210",
        "python_version": "3.7.9 (v3.7.9:13c94747c7, Aug 15 2020, 01:31:08) \n[Clang 6.0 (clang-600.0.57)]",
        "command_line_arguments": "/Users/rosariarossi/Unity/My project/venv/bin/mlagents-learn config/bowlingNew.yaml --run-id=Training10",
        "mlagents_version": "0.22.0",
        "mlagents_envs_version": "0.22.0",
        "communication_protocol_version": "1.2.0",
        "pytorch_version": "1.7.1",
        "numpy_version": "1.18.5",
        "end_time_seconds": "1674915603"
    },
    "total": 392.6430685,
    "count": 1,
    "self": 0.003581291000045894,
    "children": {
        "run_training.setup": {
            "total": 0.01052591699999983,
            "count": 1,
            "self": 0.01052591699999983
        },
        "TrainerController.start_learning": {
            "total": 392.628961292,
            "count": 1,
            "self": 0.5937015870015898,
            "children": {
                "TrainerController._reset_env": {
                    "total": 8.695906209,
                    "count": 1,
                    "self": 8.695906209
                },
                "TrainerController.advance": {
                    "total": 383.30574111999834,
                    "count": 37086,
                    "self": 0.30611777499660775,
                    "children": {
                        "env_step": {
                            "total": 382.99962334500174,
                            "count": 37086,
                            "self": 326.40549681800775,
                            "children": {
                                "SubprocessEnvManager._take_step": {
                                    "total": 56.258488120000614,
                                    "count": 37086,
                                    "self": 1.4249786830043831,
                                    "children": {
                                        "TorchPolicy.evaluate": {
                                            "total": 54.83350943699623,
                                            "count": 31631,
                                            "self": 3.927800040997049,
                                            "children": {
                                                "TorchPolicy.sample_actions": {
                                                    "total": 50.90570939599918,
                                                    "count": 31631,
                                                    "self": 50.90570939599918
                                                }
                                            }
                                        }
                                    }
                                },
                                "workers": {
                                    "total": 0.3356384069933611,
                                    "count": 37085,
                                    "self": 0.0,
                                    "children": {
                                        "worker_root": {
                                            "total": 391.84632133400396,
                                            "count": 37085,
                                            "is_parallel": true,
                                            "self": 175.30841771700736,
                                            "children": {
                                                "run_training.setup": {
                                                    "total": 0.0,
                                                    "count": 0,
                                                    "is_parallel": true,
                                                    "self": 0.0,
                                                    "children": {
                                                        "steps_from_proto": {
                                                            "total": 0.0017925419999986758,
                                                            "count": 1,
                                                            "is_parallel": true,
                                                            "self": 0.00034333400000008396,
                                                            "children": {
                                                                "_process_vector_observation": {
                                                                    "total": 0.0014492079999985918,
                                                                    "count": 2,
                                                                    "is_parallel": true,
                                                                    "self": 0.0014492079999985918
                                                                }
                                                            }
                                                        },
                                                        "UnityEnvironment.step": {
                                                            "total": 0.04236362500000013,
                                                            "count": 1,
                                                            "is_parallel": true,
                                                            "self": 0.00014633300000177485,
                                                            "children": {
                                                                "UnityEnvironment._generate_step_input": {
                                                                    "total": 0.00029458299999873816,
                                                                    "count": 1,