{
    "name": "root",
    "gauges": {
        "Ball.Policy.Entropy.mean": {
            "value": 1.4003803730010986,
            "min": 1.4003803730010986,
            "max": 1.4289519786834717,
            "count": 41
        },
        "Ball.Environment.EpisodeLength.mean": {
            "value": 3911.2727272727275,
            "min": 122.41836734693878,
            "max": 15781.0,
            "count": 33
        },
        "Ball.Policy.ExtrinsicValueEstimate.mean": {
            "value": 1.0409196615219116,
            "min": -0.17409896850585938,
            "max": 12.325637817382812,
            "count": 41
        },
        "Ball.Environment.CumulativeReward.mean": {
            "value": 10.0,
            "min": -5.0,
            "max": 10.0,
            "count": 33
        },
        "Ball.Policy.ExtrinsicReward.mean": {
            "value": 10.0,
            "min": -5.0,
            "max": 10.0,
            "count": 33
        },
        "Ball.IsTraining.mean": {
            "value": 1.0,
            "min": 1.0,
            "max": 1.0,
            "count": 41
        },
        "Ball.Losses.PolicyLoss.mean": {
            "value": 0.0942221870547836,
            "min": 0.08931771806326874,
            "max": 0.1059892868954988,
            "count": 39
        },
        "Ball.Losses.ValueLoss.mean": {
            "value": 1.1881657784395183,
            "min": 0.007714029332723817,
            "max": 29.797374888281126,
            "count": 39
        },
        "Ball.Policy.LearningRate.mean": {
            "value": 7.674697441799998e-06,
            "min": 7.674697441799998e-06,
            "max": 0.0002927430024189999,
            "count": 39
        },
        "Ball.Policy.Epsilon.mean": {
            "value": 0.10255820000000002,
            "min": 0.10255820000000002,
            "max": 0.197581,
            "count": 39
        },
        "Ball.Policy.Beta.mean": {
            "value": 3.5326180000000006e-05,
            "min": 3.5326180000000006e-05,
            "max": 0.0009760518999999999,
            "count": 39
        }
    },
    "metadata": {
        "timer_format_version": "0.1.0",
        "start_time_seconds": "1674237446",
        "python_version": "3.7.9 (v3.7.9:13c94747c7, Aug 15 2020, 01:31:08) \n[Clang 6.0 (clang-600.0.57)]",
        "command_line_arguments": "/Users/rosariarossi/Unity/My project/venv/bin/mlagents-learn config/bowling.yaml --run-id=addio",
        "mlagents_version": "0.22.0",
        "mlagents_envs_version": "0.22.0",
        "communication_protocol_version": "1.2.0",
        "pytorch_version": "1.7.1",
        "numpy_version": "1.18.5",
        "end_time_seconds": "1674239705"
    },
    "total": 2258.5178918330002,
    "count": 1,
    "self": 0.008480208000491984,
    "children": {
        "run_training.setup": {
            "total": 0.009138416999999954,
            "count": 1,
            "self": 0.009138416999999954
        },
        "TrainerController.start_learning": {
            "total": 2258.5002732079997,
            "count": 1,
            "self": 6.689877195977715,
            "children": {
                "TrainerController._reset_env": {
                    "total": 8.193961042,
                    "count": 1,
                    "self": 8.193961042
                },
                "TrainerController.advance": {
                    "total": 2243.5932104690214,
                    "count": 500707,
                    "self": 3.4949454389952734,
                    "children": {
                        "env_step": {
                            "total": 2240.098265030026,
                            "count": 500707,
                            "self": 1878.2708521490185,
                            "children": {
                                "SubprocessEnvManager._take_step": {
                                    "total": 357.78664316105164,
                                    "count": 500707,
                                    "self": 13.242216856040557,
                                    "children": {
                                        "TorchPolicy.evaluate": {
                                            "total": 344.5444263050111,
                                            "count": 500213,
                                            "self": 33.20532693300862,
                                            "children": {
                                                "TorchPolicy.sample_actions": {
                                                    "total": 311.33909937200247,
                                                    "count": 500213,
                                                    "self": 311.33909937200247
                                                }
                                            }
                                        }
                                    }
                                },
                                "workers": {
                                    "total": 4.04076971995598,
                                    "count": 500707,
                                    "self": 0.0,
                                    "children": {
                                        "worker_root": {
                                            "total": 2250.909150381037,
                                            "count": 500707,
                                            "is_parallel": true,
                                            "self": 596.7730459590966,
                                            "children": {
                                                "run_training.setup": {
                                                    "total": 0.0,
                                                    "count": 0,
                                                    "is_parallel": true,
                                                    "self": 0.0,
                                                    "children": {
                                                        "steps_from_proto": {
                                                            "total": 0.002400624999999934,
                                                            "count": 1,
                                                            "is_parallel": true,
                                                            "self": 0.0005727499999998997,
                                                            "children": {
                                                                "_process_vector_observation": {
                                                                    "total": 0.0018278750000000343,
                                                                    "count": 2,
                                                                    "is_parallel": true,
                                                                    "self": 0.0018278750000000343
                                                                }
                                                            }
                                                        },
                                                        "UnityEnvironment.step": {
                                                            "total": 0.03243291700000128,
                                                            "count": 1,
                                                            "is_parallel": true,
                                                            "self": 0.00010604100000044525,
                                                            "children": {
                                                                "UnityEnvironment._generate_step_input": {
                                                                    "total": 0.00020479199999989817,
                                                                    "count": 1,
                                                                    "is_parallel": true,