{
    "name": "root",
    "gauges": {
        "Bowling.Policy.Entropy.mean": {
            "value": 1.417675256729126,
            "min": 1.397247314453125,
            "max": 1.4226593971252441,
            "count": 60
        },
        "Bowling.Environment.EpisodeLength.mean": {
            "value": 76.5,
            "min": 72.20121951219512,
            "max": 721.0666666666667,
            "count": 31
        },
        "Bowling.Policy.ExtrinsicValueEstimate.mean": {
            "value": -0.001193170784972608,
            "min": -0.6623306274414062,
            "max": 3.383464813232422,
            "count": 60
        },
        "Bowling.Environment.CumulativeReward.mean": {
            "value": 15.5,
            "min": -4.9815950920245395,
            "max": 15.5,
            "count": 31
        },
        "Bowling.Policy.ExtrinsicReward.mean": {
            "value": 15.5,
            "min": -4.9815950920245395,
            "max": 15.5,
            "count": 31
        },
        "Bowling.IsTraining.mean": {
            "value": 1.0,
            "min": 1.0,
            "max": 1.0,
            "count": 60
        },
        "Bowling.Losses.PolicyLoss.mean": {
            "value": 0.0982286704797164,
            "min": 0.05179182238069559,
            "max": 0.1048919575322743,
            "count": 56
        },
        "Bowling.Losses.ValueLoss.mean": {
            "value": 2.6636333803199974e-06,
            "min": 1.5671982096185608e-06,
            "max": 6.697719751619825,
            "count": 56
        },
        "Bowling.Policy.LearningRate.mean": {
            "value": 0.00015645844784720002,
            "min": 0.00015645844784720002,
            "max": 0.0002975990008003333,
            "count": 56
        },
        "Bowling.Policy.Epsilon.mean": {
            "value": 0.1521528,
            "min": 0.1521528,
            "max": 0.19919966666666666,
            "count": 56
        },
        "Bowling.Policy.Beta.mean": {
            "value": 0.00522006472,
            "min": 0.00522006472,
            "max": 0.0099200467,
            "count": 56
        }
    },
    "metadata": {
        "timer_format_version": "0.1.0",
        "start_time_seconds": "1674647552",
        "python_version": "3.7.9 (v3.7.9:13c94747c7, Aug 15 2020, 01:31:08) \n[Clang 6.0 (clang-600.0.57)]",
        "command_line_arguments": "/Users/rosariarossi/Unity/My project/venv/bin/mlagents-learn config/bowlingNew.yaml --run-id=Training1",
        "mlagents_version": "0.22.0",
        "mlagents_envs_version": "0.22.0",
        "communication_protocol_version": "1.2.0",
        "pytorch_version": "1.7.1",
        "numpy_version": "1.18.5",
        "end_time_seconds": "1674647880"
    },
    "total": 327.540719959,
    "count": 1,
    "self": 0.0050685839999573545,
    "children": {
        "run_training.setup": {
            "total": 0.010400332999999984,
            "count": 1,
            "self": 0.010400332999999984
        },
        "TrainerController.start_learning": {
            "total": 327.52525104200004,
            "count": 1,
            "self": 0.6742049819972635,
            "children": {
                "TrainerController._reset_env": {
                    "total": 9.709910209,
                    "count": 1,
                    "self": 9.709910209
                },
                "TrainerController.advance": {
                    "total": 317.1137716010028,
                    "count": 38069,
                    "self": 0.27934056600611257,
                    "children": {
                        "env_step": {
                            "total": 316.83443103499667,
                            "count": 38069,
                            "self": 239.8406049859993,
                            "children": {
                                "SubprocessEnvManager._take_step": {
                                    "total": 76.69596216699904,
                                    "count": 38069,
                                    "self": 1.3984011759985862,
                                    "children": {
                                        "TorchPolicy.evaluate": {
                                            "total": 75.29756099100045,
                                            "count": 37501,
                                            "self": 3.781983254000508,
                                            "children": {
                                                "TorchPolicy.sample_actions": {
                                                    "total": 71.51557773699994,
                                                    "count": 37501,
                                                    "self": 71.51557773699994
                                                }
                                            }
                                        }
                                    }
                                },
                                "workers": {
                                    "total": 0.2978638819983299,
                                    "count": 38068,
                                    "self": 0.0,
                                    "children": {
                                        "worker_root": {
                                            "total": 326.7028402629948,
                                            "count": 38068,
                                            "is_parallel": true,
                                            "self": 131.79853395099505,
                                            "children": {
                                                "run_training.setup": {
                                                    "total": 0.0,
                                                    "count": 0,
                                                    "is_parallel": true,
                                                    "self": 0.0,
                                                    "children": {
                                                        "steps_from_proto": {
                                                            "total": 0.002842749999999228,
                                                            "count": 1,
                                                            "is_parallel": true,
                                                            "self": 0.0002341670000003404,
                                                            "children": {
                                                                "_process_vector_observation": {
                                                                    "total": 0.0026085829999988874,
                                                                    "count": 2,
                                                                    "is_parallel": true,
                                                                    "self": 0.0026085829999988874
                                                                }
                                                            }
                                                        },
                                                        "UnityEnvironment.step": {
                                                            "total": 0.03976829199999976,
                                                            "count": 1,
                                                            "is_parallel": true,
                                                            "self": 0.0001564599999994698,
                                                            "children": {
                                                                "UnityEnvironment._generate_step_input": {
                                                                    "total": 0.0004939159999999276,
                                                                    "count": 1,
                                                                    "is_parallel": true,